{
	"id": "6864a246-1ffe-4e0e-b407-a0d860aca3da",
	"name": "StoreApi EndPoints",
	"description": null,
	"auth": null,
	"events": null,
	"variables": null,
	"order": [
		"1c6f5b33-c694-419a-8816-f67a37553935",
		"496cb1d9-2bcb-4763-91b6-f3e2280e9f12",
		"1d6ec4a3-8d43-46c5-98bf-827169a3d35a",
		"820702b5-72c8-479f-9a6f-5fd0d555253a"
	],
	"folders_order": [],
	"folders": [],
	"requests": [
		{
			"id": "1c6f5b33-c694-419a-8816-f67a37553935",
			"name": "http://localhost:8088/store/allStores",
			"url": "http://localhost:8088/store/allStores",
			"description": "Get all the Store Details",
			"data": null,
			"dataMode": "params",
			"headerData": [],
			"method": "GET",
			"pathVariableData": [],
			"queryParams": [],
			"auth": null,
			"events": [],
			"folder": null,
			"headers": "",
			"pathVariables": {}
		},
		{
			"id": "1d6ec4a3-8d43-46c5-98bf-827169a3d35a",
			"name": "http://localhost:8088/store/favoriteFlag/Ronith",
			"url": "http://localhost:8088/store/favoriteFlag/Ronith",
			"description": "",
			"data": null,
			"dataMode": "params",
			"headerData": [],
			"method": "GET",
			"pathVariableData": [],
			"queryParams": [],
			"auth": null,
			"events": [],
			"folder": null,
			"headers": "",
			"pathVariables": {}
		},
		{
			"id": "496cb1d9-2bcb-4763-91b6-f3e2280e9f12",
			"name": "http://localhost:8088/store/Ronith",
			"url": "http://localhost:8088/store/Ronith",
			"description": "",
			"data": null,
			"dataMode": "params",
			"headerData": [],
			"method": "GET",
			"pathVariableData": [],
			"queryParams": [],
			"auth": null,
			"events": [],
			"folder": null,
			"headers": "",
			"pathVariables": {}
		},
		{
			"id": "820702b5-72c8-479f-9a6f-5fd0d555253a",
			"name": "http://localhost:8088/store/unmarkFavoriteFlag/Ronith",
			"url": "http://localhost:8088/store/unmarkFavoriteFlag/Ronith",
			"description": "",
			"data": null,
			"dataMode": "params",
			"headerData": [],
			"method": "GET",
			"pathVariableData": [],
			"queryParams": [],
			"auth": null,
			"events": [],
			"folder": null,
			"headers": "",
			"pathVariables": {}
		}
	]
}